{
  "model": "gpt-4o-mini",
  "n_records": 2544,
  "corpora": {
    "wmp": {
      "means_gpt": {
        "simple": 4.606,
        "reranked_simple": 4.564,
        "agentic": 4.54,
        "self_rag": 4.62,
        "flare": 4.5520000000000005,
        "ear_full": 4.65
      },
      "means_haiku": {
        "simple": 3.728,
        "reranked_simple": 3.7539999999999996,
        "agentic": 3.7039999999999993,
        "self_rag": 3.782,
        "flare": 3.745333333333333,
        "ear_full": 3.7680000000000002
      },
      "system_rank_spearman": 0.7714285714285715,
      "ear_vs_baseline": {
        "simple": {
          "gpt_delta": 0.043999999999999984,
          "gpt_p": 0.4428973108706391,
          "haiku_delta": 0.039999999999999994,
          "haiku_p": 0.3128027721680915
        },
        "reranked_simple": {
          "gpt_delta": 0.086,
          "gpt_p": 0.147895682914153,
          "haiku_delta": 0.013999999999999959,
          "haiku_p": 0.8942938842913846
        },
        "agentic": {
          "gpt_delta": 0.11,
          "gpt_p": 0.2395049649564983,
          "haiku_delta": 0.06399999999999999,
          "haiku_p": 0.7244274386980021
        },
        "self_rag": {
          "gpt_delta": 0.030000000000000023,
          "gpt_p": 0.9148805135544469,
          "haiku_delta": -0.014000000000000007,
          "haiku_p": 0.7872155037205536
        },
        "flare": {
          "gpt_delta": 0.09800000000000005,
          "gpt_p": 0.05003928814957595,
          "haiku_delta": 0.02266666666666671,
          "haiku_p": 0.9607709062673055
        }
      }
    },
    "arxiv": {
      "means_gpt": {
        "simple": 4.75798319327731,
        "reranked_simple": 4.719327731092437,
        "agentic": 4.759663865546218,
        "self_rag": 4.749579831932772,
        "flare": 4.788235294117647,
        "ear_full": 4.828571428571427
      },
      "means_haiku": {
        "simple": 4.102521008403362,
        "reranked_simple": 4.008403361344538,
        "agentic": 4.094117647058823,
        "self_rag": 4.20672268907563,
        "flare": 4.109243697478991,
        "ear_full": 4.072268907563025
      },
      "system_rank_spearman": 0.028571428571428574,
      "ear_vs_baseline": {
        "simple": {
          "gpt_delta": 0.07058823529411763,
          "gpt_p": 0.045215376526117415,
          "haiku_delta": -0.030252100840336162,
          "haiku_p": 0.8787831656061067
        },
        "reranked_simple": {
          "gpt_delta": 0.10924369747899157,
          "gpt_p": 0.057203952309388226,
          "haiku_delta": 0.06386554621848735,
          "haiku_p": 0.5819529387900673
        },
        "agentic": {
          "gpt_delta": 0.06890756302521009,
          "gpt_p": 0.11078086253381512,
          "haiku_delta": -0.02184873949579835,
          "haiku_p": 0.6777924744400434
        },
        "self_rag": {
          "gpt_delta": 0.07899159663865546,
          "gpt_p": 0.11629778819380712,
          "haiku_delta": -0.13445378151260506,
          "haiku_p": 0.047809466256515255
        },
        "flare": {
          "gpt_delta": 0.04033613445378152,
          "gpt_p": 0.1939943330602314,
          "haiku_delta": -0.03697478991596642,
          "haiku_p": 0.8707757095733086
        }
      }
    },
    "misalignment": {
      "means_gpt": {
        "simple": 4.61,
        "reranked_simple": 4.624,
        "agentic": 4.598,
        "self_rag": 4.604,
        "flare": 4.662,
        "ear_full": 4.628
      },
      "means_haiku": {
        "simple": 3.8939999999999997,
        "reranked_simple": 3.964,
        "agentic": 3.964,
        "self_rag": 3.8459999999999996,
        "flare": 3.92,
        "ear_full": 3.722666666666667
      },
      "system_rank_spearman": -0.23190841426097938,
      "ear_vs_baseline": {
        "simple": {
          "gpt_delta": 0.018000000000000006,
          "gpt_p": 0.5562894272679232,
          "haiku_delta": -0.17133333333333328,
          "haiku_p": 0.04874959049101504
        },
        "reranked_simple": {
          "gpt_delta": 0.0040000000000000036,
          "gpt_p": 0.7683513863300226,
          "haiku_delta": -0.24133333333333332,
          "haiku_p": 0.11741735856720449
        },
        "agentic": {
          "gpt_delta": 0.029999999999999992,
          "gpt_p": 0.44522536946454916,
          "haiku_delta": -0.24133333333333332,
          "haiku_p": 0.009219348013625662
        },
        "self_rag": {
          "gpt_delta": 0.023999999999999976,
          "gpt_p": 0.9132189206331541,
          "haiku_delta": -0.12333333333333332,
          "haiku_p": 0.36831472866874804
        },
        "flare": {
          "gpt_delta": -0.034,
          "gpt_p": 0.41030383735838283,
          "haiku_delta": -0.1973333333333333,
          "haiku_p": 0.09223960762281479
        }
      }
    },
    "qasper": {
      "means_gpt": {
        "ear_full": 4.617142857142857,
        "agentic": 4.5390476190476186,
        "reranked_simple": 4.6552380952380945,
        "simple": 4.64,
        "self_rag": 4.655238095238095,
        "flare": 4.619047619047619
      },
      "means_haiku": {
        "ear_full": 3.645714285714286,
        "agentic": 3.6780952380952385,
        "reranked_simple": 3.9123809523809525,
        "simple": 3.6571428571428566,
        "self_rag": 3.6495238095238096,
        "flare": 3.7523809523809524
      },
      "system_rank_spearman": 0.08571428571428573,
      "ear_vs_baseline": {
        "simple": {
          "gpt_delta": -0.022857142857142857,
          "gpt_p": 0.3443620965576534,
          "haiku_delta": -0.011428571428571439,
          "haiku_p": 0.8598036782123123
        },
        "reranked_simple": {
          "gpt_delta": -0.03809523809523809,
          "gpt_p": 0.688983239740375,
          "haiku_delta": -0.2666666666666667,
          "haiku_p": 0.007855703198733388
        },
        "agentic": {
          "gpt_delta": 0.07809523809523809,
          "gpt_p": 0.22162663422290418,
          "haiku_delta": -0.03238095238095243,
          "haiku_p": 0.6055592817243253
        },
        "self_rag": {
          "gpt_delta": -0.038095238095238085,
          "gpt_p": 0.4050272055147619,
          "haiku_delta": -0.0038095238095238212,
          "haiku_p": 0.8007594379403061
        },
        "flare": {
          "gpt_delta": -0.0019047619047619065,
          "gpt_p": 0.816521184605737,
          "haiku_delta": -0.10666666666666665,
          "haiku_p": 0.23039078876244157
        }
      }
    }
  },
  "agreement": {
    "n": 2544,
    "gen_pearson": 0.5053544587368045,
    "gen_spearman": 0.53188747291423,
    "gpt_mean": 4.6544025157232705,
    "haiku_mean": 3.8705974842767294,
    "mean_offset_gpt_minus_haiku": 0.7838050314465409
  },
  "human": {
    "n": 49,
    "gpt_vs_consensus_pearson": 0.39283384038396385,
    "gpt_vs_consensus_spearman": 0.4219665254380145,
    "gpt_vs_human1": 0.3629963227425886,
    "gpt_vs_human2": 0.319048036558002,
    "gpt_vs_haiku": 0.499024810933281,
    "gpt_mean": 4.5578231292517,
    "consensus_mean": 4.573469387755102,
    "had_context_frac": 1.0
  },
  "total_cost_usd": 0.6674
}